,model_name,score1,score2
1,random,0.39655172413793105,0.5862068965517241
0,PPO2_yw_inss_v10_action4_10e4_.zip,0.8275862068965517,0.9827586206896551
